,y1
0,0.9447792863938589
1,1.3067716657182165
2,1.3980095907973693
3,1.7257849171185096
4,1.8088172461450527
5,1.9833677776026566
6,1.9222277556149128
7,1.9790334532705325
8,1.9072586859902874
9,1.647584307189279
10,1.5486759006488038
11,1.3313193098706755
12,0.9653939347685351
13,0.7937888924046868
14,0.6109850563296157
15,0.40561126826638305
16,0.15821576020679895
17,0.007017346666732767
18,-0.027012730941007625
19,0.018765574713738475
20,0.13127643994833632
21,0.282553875153439
22,0.3285272000003683
23,0.6378178018267459
24,0.8516578708527595
25,1.1263387468537416
26,1.3160273289624744
27,1.642458657553905
28,1.733603171510985
29,1.9639970792147237
30,2.0487405040299502
31,1.910080919240918
32,1.9608839703075938
33,1.9128295563004372
34,1.6520619676156065
35,1.334474069239943
36,1.188292582997183
37,0.9692131788771053
38,0.6668112927998414
39,0.5344336291317007
40,0.242769137374285
41,0.03575307446631874
42,0.04172095081642817
43,-0.06940274671958584
44,-0.002427174136694757
45,0.18854879674479313
46,0.39911573340403905
47,0.5245370453501167
48,0.7473479028422104
49,1.026734536894895
50,0.8798882280002582
51,1.2207893001035683
52,1.5454246404561125
53,1.6024645752431605
54,1.9151410907352473
55,1.8679269724120542
56,2.0157117474565123
57,1.9161510349617383
58,1.7624750235586877
59,1.7240694808124881
60,1.4775447227348184
61,1.2024655314903778
62,0.9962852617944638
63,0.789458044723153
64,0.5383003876568196
65,0.3079544479425452
66,0.14245019721604174
67,0.0036795417570741652
68,0.06587695821768752
69,-0.006694701438767691
70,0.025394963649077895
71,0.2155953993255027
72,0.2910381520878169
73,0.6881304354965926
74,0.8695967490459207
75,1.1893294741575553
76,1.403003962084613
77,1.6075700725536415
78,1.7939310346176098
79,1.8380520058629222
80,1.9283095761772726
81,1.8826524427757103
82,1.9840539484562147
83,1.8625803356923203
84,1.6001856718118341
85,1.4536695021477968
86,1.1691209921394992
87,0.8900478557408444
88,0.6269576878951005
89,0.47537068353755957
90,0.26481574906866795
91,0.09819701691241889
92,0.06625162723191849
93,-0.13093539161856416
94,0.07680838785688562
95,0.15999807424517437
96,0.2936803394274489
97,0.4230806419434343
98,0.6641692247153038
99,0.919774756222034
100,0.8606261018002846
101,1.0409124681581488
102,1.2961804863129063
103,1.6142036632461647
104,1.729806478185828
105,1.808302739208982
106,1.9567618299973517
107,1.8709803390848487
108,1.818379221584668
109,1.682528068560567
110,1.4501931160111823
111,1.272003266414432
112,0.9567770118134535
113,0.7698143488277864
114,0.36223477943632554
115,0.213444724903055
116,0.09325547400080489
117,-0.0634521736723876
118,-0.03596090982554931
119,-0.024300405451666784
120,-0.04718260660855422
121,0.04860279944354333
122,0.2655332249385546
123,0.43971923463032503
124,0.6491192945942077
125,0.9104248687802409
126,1.2295508938101238
127,1.5586057287651378
128,1.639756457301449
129,1.8372469614559555
130,1.8952868008150914
131,1.9233404743264504
132,1.8966692165596601
133,1.6052741711083591
134,1.5887364246833244
135,1.2835273698209906
136,1.094337263008454
137,0.8304497698871587
138,0.4743296578867796
139,0.32229456860389377
140,0.2197236859673386
141,-0.029845278984477065
142,-0.1491037800874146
143,-0.15401526211839314
144,-0.1596942139600614
145,-0.02143722784407414
146,0.12601843779631489
147,0.3341668043875079
148,0.6509618277655198
149,0.9705668309474667
150,0.7009481928329137
151,0.9174413776141678
152,1.1145683043554464
153,1.3748109746757202
154,1.5223550582530787
155,1.7028560983771766
156,1.7903202866079124
157,1.5984740812147393
158,1.5380590350262495
159,1.5546105471430958
160,1.3129788246339822
161,0.9994829498054633
162,0.8435886394650447
163,0.5245649499229759
164,0.20050689385023268
165,0.12619181604782442
166,-0.0830941786712757
167,-0.1961444169924378
168,-0.22540153673505786
169,-0.21613046704355376
170,-0.12667974680042635
171,-0.1523106078231729
172,0.16982142729798008
173,0.2972494429281778
174,0.5468620240913491
175,0.8704848792618158
176,1.0152450480675352
177,1.2747071490611124
178,1.4807678557915362
179,1.64851706533355
180,1.7145754711539474
181,1.6271647683426935
182,1.5574631364581344
183,1.459757651993918
184,1.381421583835579
185,1.1187272463991502
186,0.8490938407014814
187,0.7517663578471724
188,0.3156479569768315
189,0.08654426169107865
190,-0.0863207649323313
191,-0.12731733510148407
192,-0.24972085577658937
193,-0.3559998101966175
194,-0.3160487956068468
195,-0.09819314966764478
196,-0.02015254315004849
197,0.21103901180805124
198,0.5345425983861549
199,0.6653909534683342
200,0.42579051875440693
201,0.8054210100870393
202,1.0919600805865175
203,1.1343106783415788
204,1.3241407901717126
205,1.5326680281906369
206,1.443435380049102
207,1.57419852336575
208,1.342671021905496
209,1.3561604197576471
210,1.1600880513336118
211,0.8864490595869331
212,0.4947028038396747
213,0.3469968927186241
214,0.06380863156779092
215,-0.10003695417866112
216,-0.2063122929263717
217,-0.506012621992032
218,-0.4092381788486294
219,-0.5219328710537322
220,-0.4675936008462209
221,-0.271636343460279
222,-0.019013715665198848
223,0.06639545399026453
224,0.35905208466587313
225,0.6315251722863082
226,0.9027560213148839
227,1.183302143645756
228,1.3285396034981938
229,1.4855260176351215
230,1.406339001033294
231,1.5814583209084203
232,1.3922170009096793
233,1.25753768812389
234,1.0731214984251478
235,1.0272740586021645
236,0.7525814414997796
237,0.5223822187516263
238,0.14872779885312662
239,-0.019057038199198614
240,-0.1772710745609914
241,-0.44940804786395344
242,-0.43240386227972855
243,-0.4660429266110212
244,-0.46817041288629957
245,-0.23989190000131405
246,-0.1147567900408946
247,0.002680672989247967
248,0.237178432837077
249,0.5067589687397115
250,0.291291938607448
251,0.47729328684231054
252,0.8743996783742667
253,1.0595059132170994
254,1.0911660882837677
255,1.311690219660325
256,1.3576468258455017
257,1.2283306826409153
258,1.2558769940300012
259,1.023405661013292
260,0.7862059705117225
261,0.6947085486337787
262,0.3953199355852256
263,0.14795774826749936
264,-0.09487521938789822
265,-0.2920005489317907
266,-0.5723221484479168
267,-0.5823097375620009
268,-0.6288165332877181
269,-0.6530792702243764
270,-0.5359833063952539
271,-0.4974943321173429
272,-0.24795459768525757
273,-0.122541378969257
274,0.16822664078403476
275,0.3669424002996475
276,0.5738186979743685
277,0.9102359610501558
278,1.0959035731114426
279,1.1452077327950088
280,1.3184198104823839
281,1.2215791875539952
282,1.1625574256235942
283,1.0410088718614612
284,0.8507304414490396
285,0.6327875079113755
286,0.5739509475250291
287,0.1712942782460053
288,-0.06642723356581137
289,-0.25953487343177567
290,-0.45628340064075684
291,-0.5135890547613552
292,-0.743863251368634
293,-0.6930644687364997
294,-0.7031587714914742
295,-0.6257975368312407
296,-0.37493305115939823
297,-0.10671426259221424
298,-0.0251502743117554
299,0.2834708206707343
300,0.05694129411323867
301,0.3776840912671353
302,0.4300733269965449
303,0.777346639556238
304,0.9722165242072288
305,1.063086159338787
306,1.0664779816470165
307,0.9852381490663544
308,0.8348183507139271
309,0.8387458397143243
310,0.5534108544007338
311,0.4009484086529628
312,0.06551190228094728
313,-0.23142210200695373
314,-0.4858441654185882
315,-0.564783267958068
316,-0.820828631099208
317,-0.9685519047269138
318,-0.9002137396855031
319,-0.8877461381466478
320,-0.8699394550163526
321,-0.8414697766489864
322,-0.5605123366279624
323,-0.41767855524244885
324,-0.1417438554127712
325,0.21555683135359333
326,0.4261737283578695
327,0.6796894920002751
328,0.8125486247627351
329,0.980251641878737
330,1.0648449367745891
331,0.9693332768480728
332,0.9282437376653603
333,0.7751663693244784
334,0.7688587195494905
335,0.47530136216852015
336,0.2959182094713097
337,-0.0781583963869796
338,-0.24481047390009741
339,-0.4522943805659261
340,-0.68405768086081
341,-0.9422334109329614
342,-0.8563452495401147
343,-0.9287941631583735
344,-0.9308435375264257
345,-0.776920532352628
346,-0.6472870954018466
347,-0.4042881466521124
348,-0.24783970884883277
349,-0.03054698414208388
350,-0.1463496182739238
351,-0.042929419388463314
352,0.2765828547968583
353,0.40918601256370746
354,0.6942529101526292
355,0.8254751783643326
356,0.7639930037813133
357,0.699808763307933
358,0.5684966961324441
359,0.5274763797053983
360,0.3969204558983148
361,0.18269208351167132
362,-0.070206043522997
363,-0.4218508238235022
364,-0.7431557033622309
365,-0.8909609088678365
366,-0.9659785486011696
367,-1.259745767899722
368,-1.2319337692134402
369,-1.1373750390114135
370,-1.1445557884194357
371,-0.9905922594013952
372,-0.8430014701380868
373,-0.5118078801915722
374,-0.37710556579450466
375,-0.15087101922438934
376,0.055909513593724744
377,0.35415170491606507
378,0.49434481079421205
379,0.6727492623803824
380,0.8642732179676571
381,0.7795622096666962
382,0.7049921853214932
383,0.6465667052539001
384,0.3923898984228055
385,0.210933100781469
386,0.03715982663752182
387,-0.2714231541450119
388,-0.5273300574042615
389,-0.8374853677025393
390,-0.9098418526238943
391,-1.1141098947002452
392,-1.2914732706548102
393,-1.265115784159392
394,-1.2583007786767002
395,-1.0735947139954547
396,-0.9613250732563037
397,-0.6477648775403495
398,-0.5127779042369571
399,-0.3135628900897428
400,-0.43363611968972354
401,-0.20105539922851046
402,0.04241273901487833
403,0.23218676600676463
404,0.4134554523773693
405,0.5737119603410816
406,0.4872248283599008
407,0.5387201997084434
408,0.497614597977231
409,0.21518725247304377
410,0.012547610097507808
411,-0.20920804019315542
412,-0.45950134194697423
413,-0.7287314374599831
414,-0.8556735194392656
415,-1.1188364637285138
416,-1.3392937304669192
417,-1.4602723542275033
418,-1.4541187741598824
419,-1.4589614581466734
420,-1.4192193625192466
421,-1.1853998349850912
422,-0.9803019920902114
423,-0.7421939360636298
424,-0.6160672009269158
425,-0.37467348606579737
426,-0.06213324300379672
427,0.09862757830843996
428,0.2679803271107385
429,0.36993605201138213
430,0.5248662684819493
431,0.4746199382896732
432,0.5214859369071991
433,0.3437626888486636
434,0.16291502524515394
435,-0.12759158016824207
436,-0.3536048622414886
437,-0.45936436773097106
438,-0.7189377803461316
439,-1.0212087120557207
440,-1.2907446385651646
441,-1.411517551898223
442,-1.341168934579306
443,-1.4189389965477794
444,-1.3920971396913815
445,-1.2248073169887865
446,-1.1421181789294228
447,-0.9194140430713272
448,-0.7290307382788711
449,-0.47533291853695286
450,-0.5923574305140135
451,-0.3347456663169717
452,-0.2124845882521065
453,0.005427855827819839
454,0.19130134688701123
455,0.2512151560264835
456,0.23406080376175936
457,0.38462321682344086
458,0.16337053155176434
459,0.04889070492909939
460,-0.09094132591958037
461,-0.3446547821310283
462,-0.5496314346305288
463,-0.95461617964114
464,-1.1177359343404945
465,-1.343004346954797
466,-1.4719585069944257
467,-1.6166038147848787
468,-1.6328379934001378
469,-1.607037013846155
470,-1.6018226416580121
471,-1.3574803629291496
472,-1.2848056973752742
473,-1.0579542297000046
474,-0.8372613609295825
475,-0.5896230632610476
476,-0.21284505155948785
477,-0.12725422426682753
478,0.06699275485774964
479,0.30444573482743625
480,0.2984457685272012
481,0.40822658044823457
482,0.31831190594250824
483,0.10159713940543358
484,-0.11324582640335655
485,-0.18405947435516723
486,-0.430566996875419
487,-0.6997707877012111
488,-0.9196900189798246
489,-1.1885096006166822
490,-1.408696715118242
491,-1.4917134685750852
492,-1.7352211579445738
493,-1.6792710110321825
494,-1.6612505102247304
495,-1.5461517552580173
496,-1.4140091412330467
497,-1.2160260723678473
498,-1.0252537131686947
499,-0.7226907178467848
500,-0.8784093539741911
501,-0.5384204859436919
502,-0.3429252201524648
503,-0.1308173389276025
504,0.05219901126060746
505,0.11898121029769937
506,0.2364625847069391
507,0.09921105237275235
508,-0.023524378517467276
509,-0.01470257212276728
510,-0.23382343565049785
511,-0.42449055265471514
512,-0.8537188554172688
513,-1.0235317197924236
514,-1.2107297530409054
515,-1.5559423264642447
516,-1.739745686706628
517,-1.7600067165656326
518,-1.842775443333474
519,-1.8801864592701172
520,-1.7258713254701543
521,-1.5674911598692027
522,-1.5311147237604352
523,-1.2594380000498526
524,-0.9616777366439743
525,-0.6645497184409546
526,-0.4459169373970474
527,-0.1983843972497248
528,-0.12232711863556332
529,0.10535008569231086
530,0.21106594927748518
531,0.19360338991619017
532,0.16418237719581008
533,0.022777281679773553
534,-0.1453797769442317
535,-0.33160511437783996
536,-0.6916638890314598
537,-0.9499938437830932
538,-1.0577798593216587
539,-1.4654905278631236
540,-1.6283220948856527
541,-1.6459342304291646
542,-1.853571470895416
543,-1.8599264378978326
544,-1.8483338880733948
545,-1.6754731021454283
546,-1.5471231943552108
547,-1.3207339580143278
548,-1.0333187610010608
549,-0.7588260410915618
550,-0.8785682094760737
551,-0.7823943657591106
552,-0.46578444018872306
553,-0.21520108752822212
554,-0.07894347477912282
555,0.08053270105441682
556,0.05230886017193566
557,0.11647294096723788
558,0.018451278979305707
559,-0.18213980368974386
560,-0.43641637081468543
561,-0.6871124365459244
562,-0.9805579617534239
563,-1.0964808122773548
564,-1.4161413432223382
565,-1.5784171705564953
566,-1.774392866551732
567,-1.9803827544038055
568,-1.946379545174529
569,-1.8863087894851738
570,-1.869410544361017
571,-1.762613314668615
572,-1.6067486230724444
573,-1.2855208119824617
574,-1.0213984989973215
575,-0.8005417520083148
576,-0.6681007728056777
577,-0.3122442281313574
578,-0.2529594803187881
579,-0.11107097725728428
580,0.038394230093073675
581,0.004383003793383543
582,0.08792303953089271
583,-0.15030638933293172
584,-0.37241007184695596
585,-0.5024393743200909
586,-0.7954217435149972
587,-1.0246526484135647
588,-1.3407749461434615
589,-1.5228182357454008
590,-1.7461985783074465
591,-1.8988565160131026
592,-1.9393114129543236
593,-1.9696243090071976
594,-1.965991946800822
595,-1.7412411881673895
596,-1.6234630688776779
597,-1.5112119058857592
598,-1.2308598597332034
599,-0.8967258650689829
600,-0.9506605444260667
601,-0.7112324507126588
602,-0.4220521990233286
603,-0.30039039759104985
604,-0.17939334529569412
605,-0.040118929662238866
606,-0.046633649289647264
607,-0.018357906660117475
608,-0.11527192343924672
609,-0.3176128165692378
610,-0.41483935152782736
611,-0.7188051790745233
612,-1.0224471860723723
613,-1.2748373229714867
614,-1.3583218743863548
615,-1.683303633569298
616,-1.8150392587846327
617,-1.9953875418625304
618,-1.9400049088373357
619,-1.927386164930976
620,-1.8618258132046028
621,-1.774193358167312
622,-1.632204175827809
623,-1.4218265009649957
624,-1.0905893455918387
625,-0.7826696296849102
626,-0.6171339058332493
627,-0.48344065912228756
628,-0.20315807516719295
629,-0.036715173417271416
630,-0.061790638156084814
631,-0.03954538427800638
632,-0.14866977885782678
633,-0.16611839694291602
634,-0.37878353656777436
635,-0.5961239055877098
636,-0.818300480455905
637,-0.9669204157230216
638,-1.2979772138795094
639,-1.5908654401554754
640,-1.8071982989153996
641,-1.8266821346502207
642,-1.920300735570877
643,-2.001060026920948
644,-2.0020831262402896
645,-1.952778461379548
646,-1.616560134794331
647,-1.4413054678974224
648,-1.1572291440729308
649,-1.092240468510187
650,-0.9408211268163161
651,-0.8071953094725441
652,-0.4425350184705005
653,-0.23607779317409275
654,-0.2095486503808766
655,-0.0196260426438158
656,0.00024166370755811586
657,-0.07983343601065074
658,-0.10534359174058461
659,-0.21353126155418387
660,-0.5057915997888296
661,-0.5789047794247002
662,-0.9226661114127113
663,-1.1591727513502896
664,-1.503902747718141
665,-1.7157730737616126
666,-1.7507134826452948
667,-1.888582416212099
668,-1.9651788727703756
669,-1.8891455996100022
670,-1.8217671176467924
671,-1.7887955139930487
672,-1.564676895213044
673,-1.4093320799034434
674,-1.0147725186246406
675,-0.9055907949863146
676,-0.6172321675062866
677,-0.2902371650867862
678,-0.12736840314203718
679,-0.13460751253986764
680,-0.047777732586901746
681,-0.07517292541781384
682,0.052192519893723935
683,-0.06468970106373761
684,-0.40950831440609425
685,-0.5849001970115972
686,-0.8705577395408581
687,-1.102532063091041
688,-1.372915749695683
689,-1.4404975547057184
690,-1.6909311575299708
691,-1.8253622373227503
692,-1.8714213409158762
693,-1.8984889448137257
694,-2.0129455864632853
695,-1.7796133614093017
696,-1.6818150118115023
697,-1.4158727089079521
698,-1.3220653194188765
699,-0.9697610477770326
700,-0.9956604031500494
701,-0.69253609453115
702,-0.42232808247419307
703,-0.21312357152616856
704,-0.05999698456624194
705,-0.006010379463451107
706,0.176552340140803
707,0.05601098902412742
708,-0.09811585817648852
709,-0.23338004703750537
710,-0.3414028785008795
711,-0.6129439208576736
712,-0.7648943219971089
713,-1.0056179633710136
714,-1.4149529374093253
715,-1.5437961983921888
716,-1.6475284598972801
717,-1.8674636995889708
718,-1.8911714518440037
719,-1.9389787350982934
720,-1.7393377367443579
721,-1.6142292182281268
722,-1.4816341754238866
723,-1.29817556548722
724,-1.025539782721871
725,-0.7546651650092256
726,-0.4952096063624111
727,-0.3380326448442898
728,-0.1386606969082141
729,0.05767104831957928
730,0.16154487133814932
731,0.0279049804634615
732,0.121189938757513
733,-0.04259691836923465
734,-0.27337728419030116
735,-0.40666777423978345
736,-0.7712318205643828
737,-0.9793833483933854
738,-1.2106481946949068
739,-1.3837492598374899
740,-1.6752749940557239
741,-1.8446577587669313
742,-1.817951042572185
743,-1.847616717055582
744,-1.8720054201242433
745,-1.7783674908441593
746,-1.5726807989936955
747,-1.3014554049842904
748,-1.0863034530691666
749,-0.916386550038554
750,-0.7917101373335216
751,-0.4705976564603923
752,-0.26438555955076826
753,-0.1353050015634211
754,0.1238523838233746
755,0.2241126508616079
756,0.29454363092088576
757,0.22363040749854748
758,0.16209775630896925
759,-0.07163125965862027
760,-0.2511754269148204
761,-0.4663921676490878
762,-0.7293817477580256
763,-0.9363664421958537
764,-1.1723404129263744
765,-1.3236945328409497
766,-1.5288066230916684
767,-1.794740750892377
768,-1.746125853198401
769,-1.6806288334942232
770,-1.677455587537413
771,-1.4735394625739129
772,-1.3641721053356726
773,-1.1670985449930749
774,-0.8967496370855726
775,-0.5679745961479781
776,-0.290532840776404
777,-0.22648026471823018
778,-0.07303896924660434
779,0.2097287880615871
780,0.1752778198070486
781,0.32474216429504027
782,0.10733026559061706
783,-0.020269231126764445
784,-0.16562549037533042
785,-0.23119405591553535
786,-0.6518906247046288
787,-0.8372036023094768
788,-0.9790151382496939
789,-1.3669964893465587
790,-1.5207082388543331
791,-1.6028512768941372
792,-1.7145629242985478
793,-1.6660803422036896
794,-1.6417102716019687
795,-1.6596649166899644
796,-1.53296896328452
797,-1.2557341942022289
798,-0.9510124131559751
799,-0.7543760515891664
800,-0.5589986647790294
801,-0.29816962743884523
802,-0.09984825570931903
803,0.15705927854800675
804,0.29181267272185946
805,0.31726356281162604
806,0.4121586657155559
807,0.33324209977242275
808,0.40850190181641016
809,0.070180121979088
810,-0.0688171026609733
811,-0.3523579573832187
812,-0.4223208857105348
813,-0.7217210972846454
814,-1.1016590809444176
815,-1.1263427745121024
816,-1.2998384429136771
817,-1.4454496910177848
818,-1.5998571689407428
819,-1.6563013832834483
820,-1.5604676570367348
821,-1.38624336422584
822,-1.1460515366754667
823,-0.91622699693903
824,-0.7783024757145265
825,-0.3583850874744118
826,-0.10868491841957957
827,0.01660491929770995
828,0.1282192862009437
829,0.39308568337790406
830,0.40340493495957
831,0.40834424818386217
832,0.2779691509994842
833,0.22893352755285795
834,0.1668331419825031
835,-0.044575028033039435
836,-0.4798573515983286
837,-0.5908248652319856
838,-0.7967870483870378
839,-1.0929487055591378
840,-1.2995770508288096
841,-1.4818120913626327
842,-1.6064793803033952
843,-1.4958190001057834
844,-1.5552366750912963
845,-1.4401415000371687
846,-1.1971782472098875
847,-1.029263647248015
848,-0.841545567834824
849,-0.5604600547482923
850,-0.2951403597864687
851,-0.09106304069197427
852,0.14339046359693008
853,0.406448363253664
854,0.44642592889047794
855,0.6307932224167386
856,0.6778598197694624
857,0.5472329621598709
858,0.5081545634445188
859,0.3592241628901113
860,0.2894144699487736
861,-0.005239302818178925
862,-0.19323717376180372
863,-0.6190458172956512
864,-0.7428546730871106
865,-0.9643835888874289
866,-1.0719151419906523
867,-1.2537944449770428
868,-1.2941259946926882
869,-1.376357990039725
870,-1.2106564781284326
871,-1.1975785418624787
872,-0.9239108889181326
873,-0.6361602033116319
874,-0.5388333070441187
875,-0.20094027803976544
876,0.07256139812328019
877,0.19814462289155033
878,0.4504860882343658
879,0.48825055901022163
880,0.5948875211613565
881,0.6773011133588777
882,0.6490334088759782
883,0.5175033519614618
884,0.20941643932837783
885,0.14126268932693437
886,-0.12071446245374304
887,-0.37011929690378903
888,-0.7059567453396409
889,-0.8621429195076691
890,-1.1656956570916288
891,-1.2896395823826796
892,-1.226390303312828
893,-1.3047534788189714
894,-1.2471686764658585
895,-1.2030310073039487
896,-0.9870267839666914
897,-0.8728935184410211
898,-0.6601367452769217
899,-0.42258912987390385
900,-0.04285161254626209
901,0.2175724413661356
902,0.43853992975531797
903,0.6822448700746664
904,0.8037504274086376
905,0.8812901871999425
906,0.9494452621689643
907,0.850718574428311
908,0.8097658695046892
909,0.6680026695094228
910,0.35565359508294414
911,0.2946182418164769
912,-0.00393056630268478
913,-0.23035055959086104
914,-0.5386056312661879
915,-0.7468356765347739
916,-0.8508482296187293
917,-1.0241839397298815
918,-1.1191335929670865
919,-0.9956787169546797
920,-1.0948666721171825
921,-0.9382249201685705
922,-0.6831940579000692
923,-0.4234203338200384
924,-0.31085071957242494
925,-0.021162728128660276
926,0.3743835379397872
927,0.4651465850313682
928,0.6314624028827567
929,0.8531853136095868
930,0.8067138770114392
931,0.9122898942422785
932,0.8518120062184091
933,0.8193717603286554
934,0.6395565251155478
935,0.3491540628214973
936,0.10042035682668407
937,-0.08158647908912048
938,-0.3449988080210715
939,-0.7009448228805281
940,-0.829350472175701
941,-0.926739982594759
942,-1.0385775740089267
943,-1.0584457392213147
944,-1.0529781241097314
945,-0.8638005289356279
946,-0.8016716848394748
947,-0.6461283777172688
948,-0.40842544109634027
949,-0.012718567833698222
950,0.21476704216969184
951,0.33016728629611675
952,0.5685278484745152
953,0.7625313598157962
954,0.9797035931247237
955,1.188576544086502
956,1.215584289654172
957,1.1939043971427425
958,0.9613789200749385
959,0.8915876344575646
960,0.6114674948120986
961,0.40767474036259427
962,0.2705186148655716
963,-0.11550930437841721
964,-0.36469158633850335
965,-0.5226809490825958
966,-0.6903691540681706
967,-0.7265791826670291
968,-0.930044365808125
969,-0.9158305841652343
970,-0.7872962273434659
971,-0.525357146433276
972,-0.46438855573542964
973,-0.29846771641481856
974,0.10038338166791219
975,0.2598715834008449
976,0.4416668054402972
977,0.743082007166232
978,1.0101477597983577
979,1.1266254685288741
980,1.146985602809909
981,1.2159189262238952
982,1.048752720700173
983,0.9769006226723617
984,0.8301047520923162
985,0.615706263481745
986,0.28756628758993596
987,0.03806924760995498
988,-0.20548212670016172
989,-0.4742104472603398
990,-0.5060168864237071
991,-0.7553332889375783
992,-0.7314404401072379
993,-0.9246347020051593
994,-0.8538067907218957
995,-0.7169428038135954
996,-0.6152416614583907
997,-0.24725962500524817
998,-0.193231946212649
999,0.1694207771864397
1000,0.36652302491703065
1001,0.6375515131831433
1002,0.9566036556757399
1003,1.1853090501525532
1004,1.3573326885204595
1005,1.3650275045262428
1006,1.3257524953405215
1007,1.300421472025135
1008,1.2132201480952394
1009,1.1803774439642727
1010,0.946354761190559
1011,0.7382362633020098
1012,0.3998924314564602
1013,0.2382324058120171
1014,-0.12325424056036977
1015,-0.3108350260409521
1016,-0.4135091643484115
1017,-0.48562080086558557
1018,-0.6650087210544923
1019,-0.5258419869708932
1020,-0.5875173633319543
1021,-0.30166731496195265
1022,-0.23793298383005437
1023,0.12014744279324469
1024,0.2704544048286231
1025,0.4918356696738649
1026,0.7925515907108612
1027,0.9030172802681602
1028,1.1447235877628796
1029,1.3741323288707594
1030,1.4187850421219572
1031,1.379950084128152
1032,1.2946090209726606
1033,1.2999276081562037
1034,0.9555927130278432
1035,0.9155783972141656
1036,0.5385845663841621
1037,0.27123464861197294
1038,0.10317393461150333
1039,-0.09171906953764566
1040,-0.2822627289232319
1041,-0.41017638813161517
1042,-0.6436249702376113
1043,-0.5628188931641313
1044,-0.5898464961338358
1045,-0.46453764904141315
1046,-0.30032400351426153
1047,-0.0351744582921841
1048,0.09572323430158895
1049,0.4877961381821289
1050,0.5748727287711616
1051,0.8063844358627976
1052,1.0430128745943272
1053,1.2308309998960296
1054,1.4251115275687665
1055,1.545708692860445
1056,1.5474108090599679
1057,1.5922431702956719
1058,1.5329833536746
1059,1.3762492534759345
1060,1.1396895921448167
1061,0.8503237922992614
1062,0.6547994324238029
1063,0.4658971351312744
1064,0.17912944718189247
1065,0.05514119605446206
1066,-0.1744765398081623
1067,-0.39043282192322243
1068,-0.428630823256266
1069,-0.4267961427012019
1070,-0.3275548582912883
1071,-0.11807393663813984
1072,0.039842140311958964
1073,0.30992896793787317
1074,0.576469231943981
1075,0.754373403312506
1076,1.0012174886708063
1077,1.313631414870489
1078,1.3187500699955343
1079,1.4922464403725562
1080,1.6164624954320006
1081,1.5978974073992305
1082,1.468002582349475
1083,1.3508674232073086
1084,1.1779853944034442
1085,1.032585901467665
1086,0.7824964914610636
1087,0.5283480096869329
1088,0.3365056799030106
1089,0.1294705569470164
1090,-0.14483193271379807
1091,-0.2844341599808536
1092,-0.3348960879913123
1093,-0.43621143668430484
1094,-0.3700909854654332
1095,-0.29729630898012477
1096,-0.142906371684331
1097,0.06294661842062821
1098,0.37074030111173845
1099,0.6562535391413223
1100,0.8153585654392883
1101,1.011810590953443
1102,1.372118190530881
1103,1.5656519381210308
1104,1.749226836359881
1105,1.809788817990492
1106,1.803389960927813
1107,1.6860591957610067
1108,1.636741621747502
1109,1.5392651757624403
1110,1.4276649419274032
1111,1.0691450001526406
1112,0.9538202227345942
1113,0.6144755015828814
1114,0.31065657818090747
1115,0.22474964472776185
1116,-0.034951821908848005
1117,-0.16798127980900796
1118,-0.27770465198548355
1119,-0.08646833828846151
1120,-0.1289474722900164
1121,-0.02800365846632083
1122,0.23861376380312777
1123,0.4265843750991335
1124,0.6356553822976356
1125,0.9496840399305979
1126,1.275738455625461
1127,1.4735633367560863
1128,1.5459366290986736
1129,1.7179687045689696
1130,1.7445672568458024
1131,1.7915948149797665
1132,1.6500107098252157
1133,1.6622239939735686
1134,1.483878628029755
1135,1.2512502894512456
1136,1.0398555548476272
1137,0.6825671953149948
1138,0.5425786916120097
1139,0.3124360026850957
1140,0.1197139846795221
1141,-0.1391289301836115
1142,-0.1570326256224256
1143,-0.09864168039248468
1144,-0.1251567243591563
1145,-0.040868593707465296
1146,0.13823911460946772
1147,0.4048037232783684
1148,0.4561196956404773
1149,0.7946291043602245
1150,0.9105764756988672
1151,1.2149264498529595
1152,1.3565301246543493
1153,1.5554171066918514
1154,1.697336051915121
1155,1.9798266302203045
1156,1.8745023469474669
1157,1.9848767140100567
1158,1.7854483158945524
1159,1.712566369244385
1160,1.5021349541543862
1161,1.1490472035613102
1162,0.9225981400504022
1163,0.8024646920580899
1164,0.5233514366634403
1165,0.1811345456375168
1166,0.1913944424078567
1167,0.03804531991185467
1168,-0.10300345122847462
1169,-0.08209097639832978
1170,0.05041560990300438
1171,0.22064802837996658
1172,0.4028713726597136
1173,0.5280101418280203
1174,0.8422706409559826
1175,1.0749392774902833
1176,1.214816014895196
1177,1.451001103338267
1178,1.6871134211554621
1179,1.7999835016996617
1180,1.860763869218297
1181,2.0002101516822135
1182,1.8682942053064369
1183,1.8089662714680557
1184,1.5514156923067322
1185,1.4045003377625929
1186,1.1966579442234742
1187,0.8571634050565525
1188,0.5790297894802818
1189,0.460562730352448
1190,0.19153427140153487
1191,0.035979667243568624
1192,0.04083904456679849
1193,0.00710503667290302
1194,-0.07929997214699841
1195,0.0018015489841590876
1196,0.2428125400721245
1197,0.4235800931460393
1198,0.6124527104144831
1199,0.9854581546186801
1200,0.9627277197291986
1201,1.224743138515631
1202,1.5184756527356067
1203,1.75030256423346
1204,1.8439373127873555
1205,2.023565014577574
1206,1.930572295071008
1207,1.8861974046141106
1208,1.8118105197806254
1209,1.7110968568223184
1210,1.603400296391263
1211,1.2809657828616274
1212,1.1501807768331447
1213,0.8635829291280904
1214,0.6259153503847099
1215,0.384951769237761
1216,0.15083942554353877
1217,0.03867989926478299
1218,-0.09956493865056093
1219,-0.06942831517278618
1220,0.1030273480781505
1221,0.1701523709315505
1222,0.30269631583673207
1223,0.6716455403510748
1224,0.8206681136921072
1225,1.1471701220795423
1226,1.3145813234723653
1227,1.6009793992238106
1228,1.7575567232507294
1229,1.8264711826698925
1230,1.8843707534779912
1231,1.971916333464009
1232,2.0155415879140963
1233,1.7463564558014213
1234,1.6858602230771487
1235,1.3849361697558662
1236,1.1979999131927337
1237,0.9513683317131416
1238,0.7512079293715724
1239,0.498065572152229
1240,0.15775681888790605
1241,0.14821112002958375
1242,0.03979356491989845
1243,0.023264479540556215
1244,-0.066488143761292
1245,0.211961597994204
1246,0.28806316370507423
1247,0.44625512596115335
1248,0.7478810098901786
1249,0.8932736434113134
1250,1.0839259104946493
1251,1.2995425696513925
1252,1.4346303268490346
1253,1.6631135049166748
1254,1.9076579712916932
1255,1.9626906261663803
1256,1.9092248464839772
1257,2.0434636158978576
1258,1.8620332359304992
1259,1.7775326649250538
1260,1.5805787619725162
1261,1.3832015336939039
1262,0.9617823958690395
1263,0.7521066934062528
1264,0.4881533442603746
1265,0.32074765519073883
1266,0.22387964089487405
1267,0.15260457261932805
1268,-0.10122805127997177
1269,-0.008606594119865885
1270,0.015496305556774143
1271,0.2569151860573875
1272,0.34371412424529735
1273,0.7100604949666515
1274,0.8463638198885882
1275,1.1714061083114773
1276,1.466151984675173
1277,1.580722082934375
1278,1.8706635288361613
1279,1.819789834487432
1280,1.921400734661319
1281,1.928672944590682
1282,1.8340082789135006
1283,1.8115669551363265
1284,1.618334830657345
1285,1.4431987192465894
1286,1.2347094441971957
1287,0.9530504758338373
1288,0.7123497468616302
1289,0.5198324097547772
1290,0.15344675565122431
1291,0.019231852047709053
1292,0.03516467363009648
1293,-0.06786199304721319
1294,0.023225261095977466
1295,0.1911896105512603
1296,0.2235023200333438
1297,0.4768732384991083
1298,0.7980293638134223
1299,0.9966528573549629
1300,0.9616053653910509
1301,1.2009317142504772
1302,1.5047267345269801
1303,1.536426433906957
1304,1.7620567105286822
1305,1.9056612652687177
1306,2.01032165480211
1307,1.8143559307532773
1308,1.7774201679506725
1309,1.6263188426026414
1310,1.43510358009483
1311,1.2979444672551477
1312,1.0849407003337816
1313,0.681845586154734
1314,0.42440277681011745
1315,0.1923979093653937
1316,0.1603775496860423
1317,-0.10079334048273203
1318,-0.009546477426855791
1319,0.007962078778227508
1320,0.06061968062921901
1321,0.20324887419663132
1322,0.37361098377516777
1323,0.6470619452506472
1324,0.7950528641843044
1325,1.1441155856199445
1326,1.3484041280279646
1327,1.5955282002328597
1328,1.6701301710002612
1329,1.7861731923999238
1330,1.8158161686933028
1331,1.9340269212617183
1332,1.8455973632427836
1333,1.7188271622285085
1334,1.5566594282885615
1335,1.2688998176258979
1336,1.2047522502800094
1337,0.8740122719925697
1338,0.5931704750041777
1339,0.4350684900750916
1340,0.2134267837140377
1341,0.12171207592626715
1342,-0.14113124344627787
1343,-0.09156950700610486
1344,0.06556151633948411
1345,0.13589137952522035
1346,0.32154838914726613
1347,0.4173770660680289
1348,0.7387801509606992
1349,1.0140596266405368
1350,0.8581243297981512
1351,0.9576540219907066
1352,1.3691426939676243
1353,1.4956217241269054
1354,1.649050517297037
1355,1.6713001727732208
1356,1.847143475255663
1357,1.6975776957525601
1358,1.6501934815535273
1359,1.5739190328986357
1360,1.4180869490652717
1361,1.0692622968491556
1362,0.8501390713341166
1363,0.5599880212716186
1364,0.43278830255658485
1365,0.21472811021583954
1366,-0.10750493327402566
1367,-0.1214359065197366
1368,-0.10187699505438101
1369,-0.23130208253243553
1370,-0.028961573062909474
1371,0.01683866383280088
1372,0.19666820191281215
1373,0.47525290266945996
1374,0.5932742831279313
1375,0.8988206702184812
1376,1.2368354842530016
1377,1.4970100058273716
1378,1.593351980192471
1379,1.7472426745458562
1380,1.8671882327924456
1381,1.7764435217451664
1382,1.764058583557314
1383,1.6374190598409153
1384,1.352411928920632
1385,1.188560577110522
1386,1.0128524371097891
1387,0.6806798064286091
1388,0.539873098542518
1389,0.19885361278827823
1390,0.13378248806443707
1391,-0.015494645965916556
1392,-0.2718282265368514
1393,-0.1706651109726761
1394,-0.06492532133782644
1395,-0.14725274355477652
1396,0.07891692514397708
1397,0.22109548379556207
1398,0.5904890435200337
1399,0.8404240559344496
1400,0.7047932611376633
1401,0.8550373609553623
1402,1.0730313936935971
1403,1.2742394191106097
1404,1.4931076269676693
1405,1.6330009005763495
1406,1.6465084750609287
1407,1.5126653416674
1408,1.481342800295756
1409,1.3844012443843972
1410,1.1801848514350828
1411,0.9408419650606366
1412,0.7453019097021671
1413,0.4859710778375416
1414,0.17954381044082168
1415,0.01530933839930207
1416,-0.26459837996812474
1417,-0.3118570284211871
1418,-0.4356810239297574
1419,-0.46363436445413625
1420,-0.24465339854298934
1421,-0.1613785144568321
1422,0.07736589784285203
1423,0.18080321814460606
1424,0.5375225279380351
1425,0.6555481651323483
1426,1.000617977610526
1427,1.3203680426608124
1428,1.4732873238915705
1429,1.5922036582262695
1430,1.538473025012271
1431,1.5983731163100092
1432,1.4732499924114562
1433,1.4783808944696362
1434,1.279637517449076
1435,0.9951002446967356
1436,0.8881243521235455
1437,0.6091652338069784
1438,0.23970207618636719
1439,0.06689723626867143
1440,-0.1121400176204782
1441,-0.24835927215414516
1442,-0.3309266741466515
1443,-0.4635911467066006
1444,-0.33887721623185674
1445,-0.22920776425337153
1446,-0.07601768289848118
1447,0.06098311680481562
1448,0.41235860693958515
1449,0.5752616813878203
1450,0.4633980450102836
1451,0.6275913852812244
1452,0.9547151661229607
1453,1.163022342270679
1454,1.2241039205979398
1455,1.3764994260057777
1456,1.4052155992531297
1457,1.4222433336179827
1458,1.2105623155766418
1459,1.0878992241240015
1460,1.0384183289286186
1461,0.7545347314270153
1462,0.43274957918743406
1463,0.2529139017052439
1464,-0.10451174739997555
1465,-0.2021281750119959
1466,-0.45218679959234404
1467,-0.5332462124653465
1468,-0.6439498752063313
1469,-0.6225495859088579
1470,-0.5255317580150122
1471,-0.46651732145521985
1472,-0.16846987137147873
1473,0.1133156763733374
1474,0.2960461631205097
1475,0.43724070444198615
1476,0.7520797132377279
1477,1.0706543080912778
1478,1.1900908243343484
1479,1.2787011919229287
1480,1.373544240934632
1481,1.4909930908503408
1482,1.3536057562292163
1483,1.3185132128643775
1484,1.0846080844211319
1485,0.8234764219534476
1486,0.5330138965528147
1487,0.39554276977285274
1488,0.13764896870916765
1489,-0.20326874772212242
1490,-0.32016331692498134
1491,-0.4835861916992041
1492,-0.6471095164864189
1493,-0.6706462948683551
1494,-0.6305975019748897
1495,-0.4826390307274461
1496,-0.26724701513187527
1497,-0.17268943565164796
1498,0.1552533516255056
1499,0.3705667672144225
1500,0.1664230435446476
1501,0.3825110591758053
1502,0.6620530137525907
1503,0.8953572182550039
1504,0.9470744399413759
1505,1.1434765031549445
1506,1.191525021559578
1507,1.1553779706816811
1508,1.0248039345305409
1509,0.8161791602678076
1510,0.728976005989503
1511,0.5076324589946963
1512,0.17146033933850008
1513,-0.004888273625701212
1514,-0.1770786568372168
1515,-0.4003299257952272
1516,-0.5799730099747898
1517,-0.7555935254183268
1518,-0.8756243921372133
1519,-0.7858786262137409
1520,-0.8029727400640277
1521,-0.7075733856606682
1522,-0.46052660623549924
1523,-0.20037541000117892
1524,0.12424318347824101
1525,0.34963716081573126
1526,0.5503027140275843
1527,0.7992361281246313
1528,0.9764315757807093
1529,1.1622568613298563
1530,1.0588918128299099
1531,1.1579546922958162
1532,1.1395816162672014
1533,0.9175619511331101
1534,0.7132783159541188
1535,0.5281587422957643
1536,0.3860131689836183
1537,0.1860855906753038
1538,-0.16278803778894554
1539,-0.33844842266235986
1540,-0.6273194779721368
1541,-0.7306933463791048
1542,-0.9071107219218321
1543,-0.9392866989664225
1544,-0.8537981881381272
1545,-0.6729728903516868
1546,-0.5320465926429122
1547,-0.2505403177665178
1548,-0.14459793380092525
1549,0.2452760447150334
1550,-0.03565567085348151
1551,0.11425939009132352
1552,0.33030089287453646
1553,0.5171005387331012
1554,0.767001398989441
1555,0.9126139243270094
1556,0.8586450773817794
1557,0.8060992313346871
1558,0.8853256673662828
1559,0.5470955955991634
1560,0.5073528126082364
1561,0.23608572109576795
1562,-0.01917500389880151
1563,-0.21117623822604514
1564,-0.614871186821164
1565,-0.770175712263992
1566,-1.003368629940193
1567,-0.9747266350636262
1568,-1.0326252697786322
1569,-0.9840322994001933
1570,-1.0712809024040872
1571,-0.8786435711016003
1572,-0.6606772563848468
1573,-0.5627776905373916
1574,-0.15402377558897676
1575,-0.025416336167490727
1576,0.3466830279467581
1577,0.5682204992572893
1578,0.702129320342813
1579,0.8010101211468642
1580,0.968231263349042
1581,0.9188477701263129
1582,0.8871941656730713
1583,0.7868813383091725
1584,0.4725744687910727
1585,0.3903751494395038
1586,0.13248249155950464
1587,-0.06705370803760755
1588,-0.4376951881576922
1589,-0.7136824034289759
1590,-0.8368684122864402
1591,-0.9585990596252865
1592,-1.0566155254890472
1593,-1.1030602607908446
1594,-1.1084446369148655
1595,-0.8677472138085927
1596,-0.8078034327935114
1597,-0.6427010244312041
1598,-0.37339809071993335
1599,-0.10565755380276129
1600,-0.2645450421485333
1601,0.002065371195051166
1602,0.1864906013132111
1603,0.3160594245114139
1604,0.5957199177027241
1605,0.6353879192182116
1606,0.6086657891388914
1607,0.5766424201520235
1608,0.49394207820871283
1609,0.4189810143894491
1610,0.13585740876700092
1611,-0.07710709835707191
1612,-0.3350280356765686
1613,-0.4388986659669464
1614,-0.6921052667081584
1615,-0.9138921958221737
1616,-1.2226435175119317
1617,-1.3187203545990485
1618,-1.3141008956798765
1619,-1.2755617833241508
1620,-1.2663168363932928
1621,-1.188965482033264
1622,-0.9239203478775456
1623,-0.7464774723519648
1624,-0.5139044635544592
1625,-0.15364114718557087
1626,-0.0564306039956968
1627,0.32079214525434074
1628,0.4897819541923641
1629,0.5533517046473667
1630,0.6045950324984165
1631,0.6849578184940531
1632,0.5466247427420807
1633,0.4807414089657975
1634,0.3437493379145583
1635,0.1632536824182671
1636,-0.2102447848115437
1637,-0.5037195066739991
1638,-0.5899709008587395
1639,-0.9778620218246441
1640,-1.058512853200037
1641,-1.14285615413918
1642,-1.2260746357832353
1643,-1.3503276673209166
1644,-1.3517764933003873
1645,-1.2566028282621962
1646,-1.0302197110504825
1647,-0.7365642950365255
1648,-0.6834829983489108
1649,-0.2733362948003504
1650,-0.5150287710768761
1651,-0.26601668874570844
1652,-0.1707142075834515
1653,0.21001785619048036
1654,0.38299637095806405
1655,0.35119309285254807
1656,0.35631451694679467
1657,0.3689027607697662
1658,0.2817235043482688
1659,0.23669207195468334
1660,0.04058409668954069
1661,-0.32596926880938376
1662,-0.4293626321493754
1663,-0.7932300370874183
1664,-1.0132691430321383
1665,-1.1910952679929225
1666,-1.3988101097778023
1667,-1.507891151796397
1668,-1.5210050625825327
1669,-1.5928566243560294
1670,-1.4781959501181707
1671,-1.4504130082483562
1672,-1.2615977048164764
1673,-0.8868847210224258
1674,-0.7709632925358026
1675,-0.4439542096457221
1676,-0.1983279567199664
1677,-0.024528866273227305
1678,0.29526792783177974
1679,0.41756362832868466
1680,0.4607441223874461
1681,0.4116694835584134
1682,0.2695269272348978
1683,0.3182953753928275
1684,0.15685707609017951
1685,-0.23795560832900914
1686,-0.42402826835702867
1687,-0.6727450918570242
1688,-0.8959362959463911
1689,-1.2116831866055489
1690,-1.2547238451574831
1691,-1.5036742623475121
1692,-1.6050620564791194
1693,-1.65258107454594
1694,-1.5170570235508913
1695,-1.483778887471068
1696,-1.1938959928672748
1697,-1.0312320160145505
1698,-0.7292354566107987
1699,-0.5254577260648461
1700,-0.8380227851536788
1701,-0.5074959325180364
1702,-0.18721512576754445
1703,-0.12944993748154698
1704,0.16920257358336827
1705,0.17835550051809887
1706,0.1469495817863053
1707,0.2697580412279669
1708,0.1889131731585645
1709,-0.0932551099358119
1710,-0.2865026374858985
1711,-0.3984615571567444
1712,-0.615727935194167
1713,-1.0450276384278068
1714,-1.126358878057302
1715,-1.4569577373815794
1716,-1.6328772053227298
1717,-1.6207174688775055
1718,-1.7122893013907996
1719,-1.7613206753654682
1720,-1.5810655726108542
1721,-1.530853880541055
1722,-1.3169938241908175
1723,-1.0967728539915138
1724,-0.9569782123994596
1725,-0.685583812636497
1726,-0.4319073619921908
1727,-0.10687848164483665
1728,0.04116294105698981
1729,0.15143260485075585
1730,0.25595782578970533
1731,0.3297316938037911
1732,0.22053935432117527
1733,0.08046631351003204
1734,-0.14736222380487013
1735,-0.32055291209861964
1736,-0.5737934074275204
1737,-0.7579876572309018
1738,-1.1099630543002097
1739,-1.3333714355855504
1740,-1.539363376308447
1741,-1.6077225915448312
1742,-1.6939205345975092
1743,-1.8212329633169113
1744,-1.6958652917644184
1745,-1.6114401078380685
1746,-1.379575633767239
1747,-1.1900539517477984
1748,-0.964402082840571
1749,-0.8020914023633059
1750,-0.8903988865615544
1751,-0.658721568095318
1752,-0.3574952650658074
1753,-0.24601546402415567
1754,-0.04410768088992554
1755,-0.031361608540983646
1756,0.13071185485848302
1757,0.04155101767061881
1758,-0.09619901240888634
1759,-0.18227877681018545
1760,-0.3564178152628441
1761,-0.5060096312861744
1762,-0.8780868371877065
1763,-1.028689705965594
1764,-1.316104903889113
1765,-1.6367144018304287
1766,-1.6722242629238568
1767,-1.837310046615766
1768,-1.9744484515464624
1769,-1.978318874332499
1770,-1.773690482235072
1771,-1.7304488333905887
1772,-1.4894427047037668
1773,-1.2737189786703007
1774,-1.0928713338409006
1775,-0.868791348599729
1776,-0.4714653739580744
1777,-0.2063480208249831
1778,-0.14752386863342623
1779,0.04095035240056375
1780,0.02831318027156482
1781,0.1119929603706088
1782,-0.04465706975202709
1783,-0.1026017301276525
1784,-0.3163335314273917
1785,-0.47895246800561664
1786,-0.6722774544092062
1787,-1.0197750705988287
1788,-1.2402936033778502
1789,-1.440098683806141
1790,-1.7373752928947277
1791,-1.7713074026322932
1792,-1.9490841842070763
1793,-1.9656684675721396
1794,-1.9519003934489156
1795,-1.8310952546944925
1796,-1.5527979563799719
1797,-1.3288890674312068
1798,-1.141110849556777
1799,-0.9872580827367581
1800,-0.9837341974879841
1801,-0.6640589159132957
1802,-0.566031154875993
1803,-0.3205994285561164
1804,-0.10550560495654004
1805,-0.05405054589089622
1806,-0.009991443070000685
1807,0.020906387060705845
1808,-0.06977233094185198
1809,-0.28666810150863115
1810,-0.4538662031800752
1811,-0.6939119492105374
1812,-1.017369274236502
1813,-1.184835022928755
1814,-1.4417582642985765
1815,-1.534472850568628
1816,-1.8391584859909098
1817,-1.8768933800634995
1818,-1.9520934052719126
1819,-1.88210678807635
1820,-1.9171521540351852
1821,-1.7358577863191162
1822,-1.6022319267068292
1823,-1.2876372677312697
1824,-1.1695375143129094
1825,-0.9403492731598453
1826,-0.5148550307497073
1827,-0.4658478950922411
1828,-0.29475719440950854
1829,-0.11731000379178902
1830,-0.04549116052249305
1831,-0.012385708654546225
1832,-0.051682328418162005
1833,-0.14528736034303213
1834,-0.40220862576777533
1835,-0.5049695732989774
1836,-0.8257805316112644
1837,-1.0561083248692515
1838,-1.2697553820556713
1839,-1.4608158574874035
1840,-1.6702025910230698
1841,-1.7963801836245616
1842,-1.9595043934731466
1843,-2.0676731621859883
1844,-2.0362627343454687
1845,-1.807407747073943
1846,-1.716028737961394
1847,-1.5680354971795436
1848,-1.2284412399179578
1849,-0.8940113225827796
1850,-0.9423184375199491
1851,-0.6781934334418497
1852,-0.5991054548719463
1853,-0.2265956284535181
1854,-0.08443570225203789
1855,-0.0760666900451837
1856,0.08307367407402311
1857,-0.09989312202517281
1858,-0.07766904581092252
1859,-0.28345053646865426
1860,-0.5070815004650862
1861,-0.6685893903711658
1862,-0.9232116451972203
1863,-1.192195968074514
1864,-1.3834085574715251
1865,-1.5836329587210674
1866,-1.7762019170665275
1867,-1.9809660712360986
1868,-2.0356896063368355
1869,-1.9498451868738707
1870,-1.9386942423936877
1871,-1.7153875773546425
1872,-1.5266570374627746
1873,-1.2919279761168216
1874,-1.2247607775082914
1875,-0.9026458802119284
1876,-0.5253681101296981
1877,-0.41342466185803356
1878,-0.14762543252815646
1879,-0.12964437977925988
1880,0.05789364159642628
1881,0.0066152984707218195
1882,-0.03508246206489614
1883,-0.1308528836379868
1884,-0.31170592964425364
1885,-0.6608823023855455
1886,-0.8588175199906891
1887,-1.0447138124305828
1888,-1.2798870981618231
1889,-1.5445463954559877
1890,-1.6684202154936452
1891,-1.8110623213114934
1892,-1.880862305597
1893,-1.907421778850749
1894,-1.9247040362723828
1895,-1.913976440658014
1896,-1.6110846808271193
1897,-1.4505438973228788
1898,-1.167618970523088
1899,-0.9877211290520349
1900,-0.9728076051259432
1901,-0.6669972872136222
1902,-0.4089884740037015
1903,-0.26412888821385966
1904,-0.1421945319198733
1905,-0.0501557381561401
1906,-0.003131543853872487
1907,0.07005220491405154
1908,-0.13488274856243793
1909,-0.22670955745777757
1910,-0.43266789492735874
1911,-0.647829331589495
1912,-0.872207696731054
1913,-1.195811183369501
1914,-1.461062876227375
1915,-1.6832469061691266
1916,-1.6806708641249557
1917,-1.862136886880985
1918,-1.8803726904742026
1919,-1.9765926252971946
1920,-1.7894322099832833
1921,-1.7211094247465828
1922,-1.5427266208677708
1923,-1.3388450533908685
1924,-1.0682633392748193
1925,-0.8899043151894223
1926,-0.4806826198538412
1927,-0.25373930721953486
1928,-0.1400333045222041
1929,0.03984926353155212
1930,-0.04702464726678819
1931,0.0972333063034528
1932,-0.0898804727297523
1933,-0.04664424753374567
1934,-0.3628738180588781
1935,-0.5770628740349968
1936,-0.7667730765722103
1937,-0.951398876692119
1938,-1.324939865701071
1939,-1.4719303362760139
1940,-1.643667431578062
1941,-1.7599129178895556
1942,-1.9608403344028396
1943,-1.986948799317952
1944,-1.8714757209676398
1945,-1.8319528430228942
1946,-1.673781202025646
1947,-1.4064438446528535
1948,-1.2065258953008855
1949,-0.9248708802188238
1950,-0.8459195117830455
1951,-0.579073711375439
1952,-0.3912078242858055
1953,-0.23055166805363952
1954,0.0004963477615724798
1955,0.11434362343722045
1956,0.08192735955546088
1957,0.09758859114441529
1958,0.08522585652996248
1959,-0.1595092572806168
1960,-0.24105877118783262
1961,-0.4278331066933394
1962,-0.8628335279000876
1963,-0.9851176746128231
1964,-1.203324859772028
1965,-1.4644158143200567
1966,-1.6210322512978252
1967,-1.7089106406509587
1968,-1.877257789997264
1969,-1.8697898900251209
1970,-1.7468233230779975
1971,-1.5554056747894855
1972,-1.35646995897321
1973,-1.2887524975113058
1974,-0.92283900666602
1975,-0.7022846326480672
1976,-0.4920944063633304
1977,-0.3110385864011149
1978,-0.06373100829691444
1979,-0.012809203334611649
1980,0.2081520818057067
1981,0.14758942222761914
1982,0.14822399284049886
1983,-0.06398149107816062
1984,-0.2569940276989136
1985,-0.36387650837650365
1986,-0.5965035802549423
1987,-0.8427022451486318
1988,-1.1815855255746672
1989,-1.3131002853751723
1990,-1.6150046473847213
1991,-1.8026318617286656
1992,-1.8091659319210254
1993,-1.813407194911312
1994,-1.8886544923675477
1995,-1.7363418863969604
1996,-1.5564460427774214
1997,-1.234534106727997
1998,-1.07281552216494
1999,-0.9220540344904639
2000,-0.7051826301331787
2001,-0.460501127743707
2002,-0.12219188425378218
2003,-0.02708813760759865
2004,0.1027439587004424
2005,0.24961269377155934
2006,0.23029796406321984
2007,0.26209165668067613
2008,0.25661033534427863
2009,0.1469605481038101
2010,-0.13922963851850695
2011,-0.32885636637025273
2012,-0.5717028930759168
2013,-0.9302910844029093
2014,-1.1965416231461874
2015,-1.3181548248916095
2016,-1.4891842372999844
2017,-1.7069305450353691
2018,-1.5909503763700577
2019,-1.6105434866083814
2020,-1.6848831845058831
2021,-1.4118265396340508
2022,-1.3699575396719994
2023,-1.035665146267864
2024,-0.8308017727301078
2025,-0.5711093393219572
2026,-0.23165626860276103
2027,-0.02859344729855031
2028,0.1510062252396323
2029,0.22043099011406983
2030,0.2819088045466939
2031,0.28957209253892063
2032,0.2728578418062254
2033,0.05601517874560359
2034,-0.06328407115343121
2035,-0.22019808498106272
2036,-0.44294992006921896
2037,-0.7572476262489641
2038,-0.991213455940516
2039,-1.2370140770146916
2040,-1.4020176370808397
2041,-1.636039248427544
2042,-1.727172709577064
2043,-1.7505413483379693
2044,-1.66347318672412
2045,-1.5502235301338678
2046,-1.2918064565752505
2047,-1.1695979755133836
2048,-0.9639070655759621
2049,-0.7410373733256078
2050,-0.5527919212726639
2051,-0.127021265648935
2052,0.030033138191468765
2053,0.1414865745541024
2054,0.32945296135344004
2055,0.527478788987999
2056,0.5745673310884768
2057,0.5068981842529995
2058,0.48512670393893287
2059,0.2771072860036727
2060,0.08172474536201334
2061,-0.17182703180208708
2062,-0.4954678612307696
2063,-0.7139593280884303
2064,-0.906784691053447
2065,-1.0807066373394336
2066,-1.292775147495122
2067,-1.3848716861694967
2068,-1.3669228984573074
2069,-1.360556752313757
2070,-1.4279432142370283
2071,-1.2392798016288729
2072,-1.0066609527944526
2073,-0.8431850560931987
2074,-0.5242779376083689
2075,-0.33865879720038505
2076,-0.05543690690892265
2077,0.18519963593495592
2078,0.3233503533641129
2079,0.4565141021747776
2080,0.6237205790966989
2081,0.48805141950931746
2082,0.5002930848870976
2083,0.41548477391898503
2084,0.21524613135827197
2085,-0.10137131316033994
2086,-0.17922916446837872
2087,-0.6262523827464159
2088,-0.7151944965274457
2089,-1.0660083438527763
2090,-1.1899316005698322
2091,-1.258840422959865
2092,-1.3897391925638296
2093,-1.5595159107057337
2094,-1.4427235426125395
2095,-1.4131186473559851
2096,-1.1991516560067106
2097,-1.0227180980541615
2098,-0.695629395148922
2099,-0.4855585560123675
2100,-0.15411145904795698
2101,0.011759558752592662
2102,0.2897561980334097
2103,0.47730440160319365
2104,0.6645793144461194
2105,0.8155650226204876
2106,0.7855236841758867
2107,0.6609083539083969
2108,0.5680195955401319
2109,0.48316017807341366
2110,0.41864608700080097
2111,0.01603557896462343
2112,-0.06905203021515612
2113,-0.35126783785080995
2114,-0.7052329863384765
2115,-0.785902645762456
2116,-1.1081853349423159
2117,-1.081749201486191
2118,-1.2844819604734972
2119,-1.2308525757495712
2120,-1.1770363610616783
2121,-1.0481992196922159
2122,-0.8429302854146875
2123,-0.6501856276888058
2124,-0.4409506087386394
2125,-0.12618230213552617
2126,0.2102767399214388
2127,0.34902141147351917
2128,0.49046524961985377
2129,0.7635395356286871
2130,0.7765914743786604
2131,0.7862660505620747
2132,0.7609693498543635
2133,0.5913038033209078
2134,0.4143082472353704
2135,0.11554572846521993
2136,-0.11377930815010652
2137,-0.3598499861218442
2138,-0.5026318132511755
2139,-0.6768329089506562
2140,-0.9252569078255686
2141,-1.061431751694163
2142,-1.1641957757551957
2143,-1.2444955789165564
2144,-1.1273102587459896
2145,-1.0087579875752741
2146,-0.9098440068907706
2147,-0.6303528752317205
2148,-0.4419551577585289
2149,-0.2050211691106305
2150,-0.03437808702648829
2151,0.3428464054993184
2152,0.6014949526405361
2153,0.7271462852604671
2154,0.8697597137326512
2155,1.0136922293181658
2156,0.9659476290628612
2157,1.01951463451137
2158,0.8448198445099686
2159,0.8242990719936952
2160,0.5674532609388073
2161,0.2935425143927108
2162,0.1904766934782943
2163,-0.12079289909213009
2164,-0.3805496677925281
2165,-0.6300116732804397
2166,-0.8078877466938935
2167,-0.911980392959183
2168,-1.0029516572566326
2169,-0.9798848146278086
2170,-0.9489368360443369
2171,-0.8378805756326548
2172,-0.4931860061763471
2173,-0.3657290346690632
2174,-0.007659340545541779
2175,0.15573080094217484
2176,0.3470006590839773
2177,0.563302569781856
2178,0.8942562941888598
2179,0.9508709949002384
2180,0.9390517651839392
2181,0.9942623922696894
2182,1.068186221240063
2183,0.890593477422089
2184,0.6904801425532783
2185,0.3847565318925925
2186,0.30278272629004876
2187,0.0627739098672487
2188,-0.23239468204851596
2189,-0.42389507028383255
2190,-0.7056543917188562
2191,-0.7842255717610517
2192,-0.9964249613184372
2193,-0.9531718017445465
2194,-0.9208210408235384
2195,-0.7833062167967108
2196,-0.6436395272291405
2197,-0.5119355056566242
2198,-0.13113426965661418
2199,0.01541497426496944
2200,0.3413631644530167
2201,0.4462880481728658
2202,0.6892205256575725
2203,0.8847143411255005
2204,1.102212867118589
2205,1.2877415772552494
2206,1.3641547071081053
2207,1.318802694239398
2208,1.1978379567971977
2209,1.093653244892264
2210,0.7611886610638094
2211,0.5869270601739637
2212,0.4293007683460645
2213,0.18709636360574627
2214,-0.2153945627167922
2215,-0.26805259879966487
2216,-0.6292409337982074
2217,-0.6836667021880661
2218,-0.7791910434670117
2219,-0.6831975336344167
2220,-0.5479517359195436
2221,-0.5266878976402405
2222,-0.33103507305952395
2223,-0.0733276031160667
2224,0.2530072856408306
2225,0.35309458623671935
2226,0.6036240795086378
2227,0.9004667059257481
2228,1.062672215318318
2229,1.2248076401426369
2230,1.210305953984796
2231,1.299221978820589
2232,1.1423529395311813
2233,1.0910896755225765
2234,1.0124583760265338
2235,0.6986462297607305
2236,0.5027512204314395
2237,0.1861797867714099
2238,-0.06187446666095379
2239,-0.16608635776444308
2240,-0.49671679964397647
2241,-0.5456218820877333
2242,-0.6576169560171653
2243,-0.7226533656396507
2244,-0.6572636042169265
2245,-0.5874850707688378
2246,-0.43750554006048775
2247,-0.27874961038587354
2248,0.05136210596039756
2249,0.33446250204760836
2250,0.5764941306630122
2251,0.7713968311249902
2252,0.9128870397345117
2253,1.2719408155179586
2254,1.4035689457292986
2255,1.4187481396265182
2256,1.4616365835776033
2257,1.4870515637657364
2258,1.4400596518330355
2259,1.2902199074101324
2260,1.0944604407246539
2261,0.8266358120356169
2262,0.6700384805785575
2263,0.4066790708872145
2264,0.1107384768989522
2265,-0.04746269902823669
2266,-0.3645742520410405
2267,-0.43410746679144946
2268,-0.44097196559554147
2269,-0.5512378670139197
2270,-0.42508090664140874
2271,-0.18858136870700393
2272,-0.08225206324156402
2273,0.08095501662978197
2274,0.3001149428514593
2275,0.6387084483808655
2276,0.9747446585271204
2277,1.0309284504571674
2278,1.337441167211101
2279,1.3533830980895682
2280,1.421295989625289
2281,1.5925663757657444
2282,1.5063165669940528
2283,1.3839461591751947
2284,1.236356084735401
2285,0.9930395560286366
2286,0.7339216535866567
2287,0.4169954490035699
2288,0.19766527698460185
2289,-0.030774475080923947
2290,-0.13514634715261759
2291,-0.43017341839066264
2292,-0.5436626822278297
2293,-0.5185380511960204
2294,-0.3855820223501494
2295,-0.25136752710088894
2296,-0.14344493878646808
2297,-0.00023199841980785577
2298,0.22309152765897206
2299,0.5431769944684401
2300,0.799832466228671
2301,1.067253533508428
2302,1.2771488098785868
2303,1.335154879597911
2304,1.6551310947627285
2305,1.7455661857847948
2306,1.7072845636056317
2307,1.7667459137997255
2308,1.5910433271723945
2309,1.4962911870992757
2310,1.3384276890763434
2311,0.960535913524966
2312,0.7305634957213081
2313,0.5843218448236095
2314,0.2733080469583142
2315,-0.007902503114026904
2316,-0.053638217446220327
2317,-0.28030389550506796
2318,-0.222587174925785
2319,-0.2725864503878462
2320,-0.21626564236686666
2321,-0.09434527540678868
2322,0.12358047684231581
2323,0.4152486148597283
2324,0.5042123620541009
2325,0.8735298386550958
2326,1.0290958061550244
2327,1.2973479392294283
2328,1.4827845543458864
2329,1.705195980907846
2330,1.7496242483406375
2331,1.7914177838484269
2332,1.6440439512338845
2333,1.611216137511803
2334,1.323966497579069
2335,1.2153871922767596
2336,0.8553392774127693
2337,0.6102135691223975
2338,0.46039799415293636
2339,0.22975866717939003
2340,0.04273230507898711
2341,-0.1718901051195498
2342,-0.18172832907308756
2343,-0.3391052573259828
2344,-0.15143893398289177
2345,-0.2248103309931978
2346,-0.050600147414045754
2347,0.2721321396817332
2348,0.3863101193779896
2349,0.6254850231053147
2350,0.8626210466169759
2351,1.090907374984542
2352,1.3934833819489887
2353,1.5194466854626554
2354,1.7019068354607298
2355,1.7585805942206583
2356,1.8351780343373008
2357,1.8908830148975353
2358,1.6907233780873843
2359,1.6014622870950304
2360,1.377939581383961
2361,1.2416053963299734
2362,0.9282177719881012
2363,0.7636461118778747
2364,0.4029910242910572
2365,0.3099011006576725
2366,0.13948436395577296
2367,-0.026000056932069013
2368,-0.1550115783060059
2369,-0.056637121812734746
2370,0.04147887581800136
2371,0.07891414113554407
2372,0.2580256694160832
2373,0.593368537780004
2374,0.6482215819117065
2375,0.976198298110543
2376,1.2726824663877712
2377,1.5499296812284329
2378,1.5567274043967967
2379,1.8398168539753301
2380,1.8414964103960443
2381,1.8357685580999143
2382,1.8264228909259272
2383,1.6428788442598548
2384,1.5276844577746898
2385,1.286586135759363
2386,0.9700721516962632
2387,0.8618863570436278
2388,0.5026748668058402
2389,0.3270594366105029
2390,0.07179517386381346
2391,0.0713154412123098
2392,-0.03672220856088797
2393,-0.12867274960967612
2394,-0.15550677052217057
2395,0.11549440089512082
2396,0.14938751389548793
2397,0.2867714383545973
2398,0.6836122022454902
2399,0.8632046624074343
2400,0.9313559261927792
2401,1.2068881738209403
2402,1.4455244886091867
2403,1.6979603353604973
2404,1.8413851854203647
2405,1.8787090782171707
2406,1.9128842692978245
2407,1.92630858712271
2408,1.7744245002306762
2409,1.7361326106918686
2410,1.4277728782296961
2411,1.2703231907777144
2412,1.0875244067054026
2413,0.8349326760040705
2414,0.4401392342927837
2415,0.3470107944137396
2416,0.2460626093999574
2417,0.10679811567932758
2418,-0.011165660710445512
2419,-0.10722034661704316
2420,0.13442055350545618
2421,0.22687268657179654
2422,0.4340359916814343
2423,0.5039615093444204
2424,0.906441659240632
2425,1.18718691096157
2426,1.3037665064334991
2427,1.6147948200708524
2428,1.8246069805927845
2429,1.7956984295333973
2430,1.8885054803963686
2431,1.9390171672258463
2432,1.876477663342726
2433,1.8611524473573
2434,1.6973305644464456
2435,1.3736541437219385
2436,1.12479932632222
2437,0.8269683869336917
2438,0.622903448692532
2439,0.45893805135154564
2440,0.25891165222199686
2441,0.038174858162075706
2442,0.0034793308224469587
2443,0.022687320385131153
2444,-0.01514970110297469
2445,0.12526949772132956
2446,0.2470788103403114
2447,0.538338559692636
2448,0.7001141794329471
2449,0.9228860372251879
2450,1.0488054585759414
2451,1.280914740527079
2452,1.4546028850573687
2453,1.6117778405894494
2454,1.8038191197525266
2455,1.9198871959113906
2456,1.963710637926844
2457,2.02714020954829
2458,1.9756270603935864
2459,1.8377861676914276
2460,1.4550387368817055
2461,1.3165578996895981
2462,1.1443242755395395
2463,0.7896416837442094
2464,0.4676488288550672
2465,0.29979080751736376
2466,0.2684502181263619
2467,0.06527924004766938
2468,-0.008094663655098056
2469,-0.04699994981200757
2470,0.045216139327109835
2471,0.18200705451399346
2472,0.4437049174669266
2473,0.6113878796175791
2474,0.870285063267248
2475,1.0763126490989448
2476,1.4595361772102486
2477,1.6496122168266596
2478,1.7257005942650427
2479,1.872860337146748
2480,2.055568446063572
2481,1.9283382158909586
2482,1.8751259167268748
2483,1.8575630071940101
2484,1.619265565051592
2485,1.3483023590719136
2486,1.186742959194964
2487,0.8378109634889349
2488,0.6501947328585281
2489,0.4967766293583507
2490,0.24273417262299254
2491,0.04138722956902727
2492,0.08340969087643046
2493,-0.027325372555899886
2494,0.019065175617527828
2495,0.0877398144211774
2496,0.35205485356775673
2497,0.48453872933458925
2498,0.694579278595892
2499,0.9911180947843287
